{
	"class_name" : "PinholeCameraParameters",
	"extrinsic" : 
	[
		0.85282293604073911,
		-0.091069889548997474,
		-0.51419773918249279,
		0.0,
		0.37466219834850745,
		-0.57920740746534716,
		0.72397998333236757,
		0.0,
		-0.36375991655419809,
		-0.81007719036818027,
		-0.45984091678935884,
		0.0,
		1.0658141036401503e-14,
		0.0,
		111.26399939185183,
		1.0
	],
	"intrinsic" : 
	{
		"height" : 1080,
		"intrinsic_matrix" : 
		[
			935.30743608719376,
			0.0,
			0.0,
			0.0,
			935.30743608719376,
			0.0,
			959.5,
			539.5,
			1.0
		],
		"width" : 1920
	},
	"version_major" : 1,
	"version_minor" : 0
}